province,province_code,city,city_code,geometry,year
广西省,450000,南宁市,450100,"MULTIPOLYGON (((108.4508 23.4838, 108.434 23.4987, 108.3968 23.5256, 108.2349 23.5051, 108.2004 23.4985, 108.1793 23.4896, 108.151 23.4676, 108.1317 23.4566, 108.1209 23.4551, 108.1085 23.4573, 108.0675 23.4721, 108.0556 23.4717, 108.0542 23.4618, 108.0666 23.4217, 108.0617 23.4116, 108.0386 23.4154, 108.0006 23.4317, 107.981 23.4447, 107.9551 23.4703, 107.9463 23.4764, 107.9368 23.4795, 107.9267 23.4789, 107.9053 23.4702, 107.8834 23.4577, 107.8704 23.4464, 107.8312 23.3391, 107.8391 23.2874, 107.8447 23.2665, 107.86 23.2364, 107.8746 23.2188, 107.883 23.212, 107.893 23.2078, 107.929 23.2032, 107.9394 23.1988, 107.9937 23.1573, 108.0395 23.1439, 108.0494 23.1391, 108.0632 23.1233, 108.0809 23.0815, 108.0241 23.0927, 108.0022 23.0927, 107.9924 23.0874, 107.9779 23.0686, 107.9609 23.016, 107.9468 22.9992, 107.9197 22.977, 107.8891 22.9624, 107.8419 22.9597, 107.8193 22.9554, 107.7988 22.9458, 107.757 22.92, 107.8238 22.8756, 107.8637 22.8541, 107.8861 22.8491, 107.9229 22.8495, 107.9439 22.8442, 107.9504 22.8066, 107.9562 22.7945, 107.9893 22.7831, 107.9987 22.7613, 107.9934 22.7455, 107.9853 22.7384, 107.9438 22.7271, 107.932 22.7181, 107.9323 22.7016, 107.9603 22.6934, 108.0145 22.6683, 108.0308 22.6748, 108.0592 22.6734, 108.0767 22.6619, 108.0794 22.6602, 108.0761 22.645, 108.0245 22.6336, 107.9896 22.6233, 107.9816 22.6092, 107.9783 22.5891, 107.9878 22.5655, 107.9912 22.5475, 107.9878 22.5361, 107.9688 22.5165, 107.9682 22.5008, 107.9748 22.4939, 108.0168 22.4747, 108.0664 22.4558, 108.0821 22.4134, 108.0957 22.3658, 108.1183 22.3395, 108.1548 22.2974, 108.1799 22.2766, 108.1908 22.2741, 108.2159 22.2747, 108.227 22.2729, 108.2359 22.2672, 108.2506 22.2509, 108.2736 22.2177, 108.3481 22.2484, 108.3806 22.2577, 108.3915 22.2593, 108.4026 22.2577, 108.4362 22.2434, 108.4471 22.2409, 108.4687 22.245, 108.4902 22.2558, 108.5083 22.2704, 108.5202 22.288, 108.5457 22.3737, 108.5561 22.3937, 108.5799 22.4168, 108.6081 22.4363, 108.6283 22.4473, 108.6495 22.4549, 108.6874 22.4574, 108.7408 22.4977, 108.7693 22.5162, 108.8327 22.5433, 108.8137 22.6177, 108.8065 22.6695, 108.809 22.7019, 108.8278 22.7432, 108.8312 22.7637, 108.8245 22.7841, 108.8089 22.8148, 108.8047 22.8358, 108.8123 22.9013, 108.8153 22.9722, 108.7946 22.9656, 108.7798 22.9683, 108.7717 22.985, 108.777 23.003, 108.7342 23.0404, 108.7093 23.0793, 108.6954 23.0958, 108.6862 23.1009, 108.6644 23.1058, 108.6129 23.1084, 108.5515 23.1414, 108.5429 23.1496, 108.5397 23.1583, 108.5439 23.1678, 108.5514 23.1758, 108.5918 23.209, 108.5823 23.2849, 108.5778 23.306, 108.5705 23.3258, 108.5558 23.3416, 108.5259 23.3614, 108.5179 23.3692, 108.5066 23.3879, 108.4885 23.4286, 108.4648 23.4665, 108.4508 23.4838)))",1998
广西省,450000,柳州市,450200,"MULTIPOLYGON (((109.0542 24.8257, 109.0306 24.8198, 109.0113 24.8091, 108.9975 24.7922, 108.973 24.7536, 108.9637 24.7463, 108.9334 24.7324, 108.9249 24.7244, 108.9266 24.7139, 108.9608 24.6721, 108.9625 24.6616, 108.9562 24.6529, 108.9361 24.6409, 108.8977 24.6228, 108.8857 24.6233, 108.8803 24.6052, 108.8503 24.5769, 108.8366 24.5599, 108.8321 24.5497, 108.8325 24.5398, 108.8381 24.532, 108.8556 24.5191, 108.8927 24.4988, 108.9364 24.4805, 108.9708 24.4761, 109.0301 24.4825, 109.0094 24.429, 108.9981 24.4107, 108.9899 24.4035, 108.9478 24.382, 108.9346 24.3645, 108.9191 24.3228, 108.9103 24.258, 108.9238 24.1889, 108.9328 24.1693, 108.946 24.1507, 108.9624 24.1343, 108.981 24.1219, 109.027 24.1096, 109.048 24.1006, 109.081 24.0691, 109.141 24.0318, 109.171 24.0204, 109.1825 24.0225, 109.2102 24.0566, 109.2195 24.0601, 109.23 24.0596, 109.253 24.0526, 109.2853 24.0345, 109.3014 24.0194, 109.3253 23.9809, 109.3401 23.9369, 109.3517 23.9202, 109.3606 23.9156, 109.3715 23.9132, 109.4214 23.9113, 109.4742 24.0065, 109.4926 24.0348, 109.507 24.0522, 109.5251 24.0653, 109.5712 24.0796, 109.5898 24.091, 109.5958 24.1002, 109.6107 24.1415, 109.6172 24.1493, 109.6262 24.1538, 109.6374 24.1555, 109.6824 24.1541, 109.6937 24.1559, 109.703 24.1605, 109.7169 24.1766, 109.7384 24.2178, 109.6933 24.2509, 109.6724 24.2589, 109.6492 24.2608, 109.6012 24.2558, 109.5678 24.2427, 109.5475 24.2497, 109.5087 24.2771, 109.5109 24.3208, 109.5146 24.3966, 109.512 24.4184, 109.508 24.4505, 109.5451 24.5226, 109.5511 24.532, 109.5811 24.5623, 109.5844 24.5709, 109.5829 24.58, 109.5715 24.5994, 109.5491 24.621, 109.5396 24.6269, 109.5278 24.6303, 109.4842 24.6341, 109.4732 24.6385, 109.4692 24.6474, 109.4732 24.6676, 109.5138 24.7662, 109.4311 24.7849, 109.3849 24.7903, 109.3737 24.7897, 109.363 24.7858, 109.3224 24.7593, 109.3119 24.7578, 109.301 24.7594, 109.2787 24.7685, 109.2478 24.7873, 109.2062 24.8262, 109.1484 24.82, 109.1403 24.8284, 109.1256 24.8241, 109.0904 24.8289, 109.0542 24.8257)))",1998
广西省,450000,桂林市,450300,"MULTIPOLYGON (((110.9957 26.3759, 110.9562 26.3928, 110.9446 26.3888, 110.9385 26.3786, 110.9355 26.3429, 110.9241 26.3183, 110.9291 26.2779, 110.9223 26.2665, 110.912 26.266, 110.7541 26.2585, 110.7271 26.2752, 110.7274 26.3121, 110.7061 26.3237, 110.6143 26.3353, 110.5664 26.3057, 110.5552 26.2966, 110.5436 26.2335, 110.503 26.1749, 110.4515 26.1745, 110.3861 26.1265, 110.3473 26.0568, 110.3235 25.9886, 110.2958 25.9766, 110.2759 25.9747, 110.2671 25.9738, 110.2544 25.9799, 110.2478 25.9925, 110.2473 26.0293, 110.1968 26.0801, 110.1844 26.074, 110.1729 26.0463, 110.1515 26.0263, 110.093 26.0325, 110.0682 26.0451, 110.0647 26.0672, 110.081 26.1546, 110.0654 26.1861, 109.9588 26.197, 109.9341 26.1996, 109.9057 26.1702, 109.8934 26.114, 109.8614 26.0383, 109.8075 26.0498, 109.7818 26.0223, 109.7791 25.9817, 109.8049 25.9551, 109.8068 25.9394, 109.8031 25.898, 109.7806 25.8908, 109.7565 25.8923, 109.7413 25.8662, 109.713 25.8351, 109.7099 25.8246, 109.7141 25.8149, 109.7497 25.7899, 109.7668 25.7734, 109.7857 25.7442, 109.7923 25.7237, 109.7924 25.7136, 109.7868 25.6932, 109.7328 25.5766, 109.7754 25.4947, 109.7534 25.4388, 109.7339 25.3762, 109.7338 25.3547, 109.7386 25.3111, 109.7345 25.2903, 109.7257 25.2702, 109.703 25.2315, 109.6368 25.1398, 109.6288 25.1204, 109.6287 25.1102, 109.6416 25.0673, 109.6422 25.0566, 109.6345 25.0138, 109.6254 24.9822, 109.6123 24.9514, 109.6077 24.9306, 109.6091 24.8984, 109.6176 24.8381, 109.6653 24.8441, 109.6887 24.8441, 109.7117 24.8374, 109.7455 24.8216, 109.7668 24.8174, 109.7767 24.8206, 109.786 24.8281, 109.8081 24.8511, 109.8171 24.8562, 109.8293 24.8554, 109.8498 24.8424, 109.8732 24.8193, 109.9041 24.7726, 109.9307 24.7241, 109.946 24.707, 109.9638 24.6919, 109.9839 24.6819, 110.0318 24.6796, 110.0433 24.6772, 110.1363 24.6323, 110.1577 24.58, 110.1588 24.5595, 110.1486 24.5295, 110.113 24.466, 110.1687 24.4441, 110.1866 24.4318, 110.1964 24.4134, 110.2028 24.3793, 110.2125 24.3604, 110.221 24.3535, 110.2629 24.331, 110.2797 24.316, 110.3174 24.2739, 110.3599 24.3115, 110.3891 24.329, 110.491 24.3582, 110.5612 24.3665, 110.6251 24.3893, 110.6631 24.3578, 110.6819 24.3451, 110.7218 24.3268, 110.7453 24.3204, 110.7558 24.3199, 110.7662 24.3237, 110.7806 24.3603, 110.7873 24.3685, 110.7979 24.3729, 110.8188 24.3765, 110.8415 24.3751, 110.8504 24.3693, 110.852 24.3589, 110.8427 24.3204, 110.8419 24.3007, 110.8463 24.2898, 110.8582 24.2727, 110.8675 24.2645, 110.8776 24.2622, 110.8858 24.2694, 110.913 24.3157, 110.9224 24.3226, 110.9317 24.3189, 110.9475 24.3047, 110.9578 24.2987, 110.9691 24.3019, 110.9777 24.3083, 111.011 24.3433, 111.0346 24.4793, 111.0349 24.5009, 111.0252 24.5194, 110.9913 24.5521, 110.9848 24.5609, 110.9793 24.5808, 110.983 24.6253, 111.0674 24.6962, 111.1087 24.7351, 111.162 24.7782, 111.1571 24.8463, 111.1475 24.8777, 111.1288 24.9052, 111.078 24.9469, 111.0732 24.9419, 111.0475 24.9266, 111.0053 24.917, 110.989 24.92, 110.976 24.9351, 110.948 25.0603, 110.9755 25.1296, 111.0247 25.1828, 111.0922 25.2173, 111.111 25.2784, 111.1372 25.305, 111.1705 25.3087, 111.2622 25.4242, 111.2875 25.4923, 111.3211 25.5826, 111.3092 25.697, 111.3064 25.7247, 111.3212 25.7376, 111.4157 25.7811, 111.4684 25.8451, 111.4863 25.8667, 111.478 25.8846, 111.4613 25.8937, 111.4034 25.8958, 111.3382 25.8981, 111.3164 25.8909, 111.2759 25.8574, 111.267 25.8575, 111.2557 25.8665, 111.2003 25.9708, 111.2068 26.0108, 111.2746 26.0947, 111.274 26.136, 111.2732 26.1993, 111.2861 26.2552, 111.2773 26.2642, 111.1735 26.2653, 111.1595 26.3058, 110.9957 26.3759)))",1998
广西省,450000,梧州市,450400,"MULTIPOLYGON (((110.898 23.7042, 110.8868 23.7224, 110.8837 23.7323, 110.884 23.7433, 110.8913 23.7778, 110.8908 23.7879, 110.8859 23.7961, 110.846 23.8141, 110.844 23.8246, 110.863 23.86, 110.8662 23.8702, 110.8628 23.8808, 110.856 23.8882, 110.836 23.9013, 110.7953 23.9227, 110.7524 23.9408, 110.682 24.079, 110.6804 24.0892, 110.6818 24.0995, 110.7008 24.1413, 110.703 24.1515, 110.6984 24.1717, 110.6859 24.1914, 110.6701 24.208, 110.6283 24.2306, 110.6119 24.2448, 110.6034 24.2644, 110.5919 24.3077, 110.5612 24.3665, 110.491 24.3582, 110.3891 24.329, 110.3599 24.3115, 110.3174 24.2739, 110.3811 24.2226, 110.4307 24.1965, 110.447 24.184, 110.4489 24.1742, 110.4431 24.1646, 110.4082 24.1229, 110.3984 24.1169, 110.3673 24.1069, 110.3572 24.1001, 110.3562 24.0896, 110.3749 24.0522, 110.3915 24.0204, 110.3706 23.9649, 110.3651 23.9439, 110.3598 23.9142, 110.3618 23.8929, 110.3692 23.8843, 110.3787 23.8803, 110.4253 23.872, 110.4364 23.8679, 110.4804 23.8319, 110.5369 23.8166, 110.5557 23.8058, 110.5723 23.7897, 110.5748 23.7806, 110.5737 23.7709, 110.5405 23.6851, 110.539 23.6747, 110.5405 23.6649, 110.5521 23.6473, 110.5843 23.6133, 110.6015 23.5846, 110.6142 23.5541, 110.6259 23.5098, 110.6257 23.4887, 110.6225 23.4794, 110.6156 23.4714, 110.5856 23.4503, 110.5777 23.4423, 110.5729 23.4329, 110.5643 23.3994, 110.5648 23.3771, 110.5675 23.3674, 110.573 23.359, 110.6114 23.3312, 110.6337 23.3069, 110.646 23.2897, 110.6498 23.28, 110.6499 23.2709, 110.6465 23.2619, 110.6327 23.2439, 110.6041 23.2206, 110.5941 23.2152, 110.55 23.2082, 110.541 23.204, 110.5356 23.1944, 110.5343 23.1846, 110.5407 23.1294, 110.6082 23.1293, 110.641 23.1231, 110.65 23.1172, 110.6806 23.0823, 110.7012 23.0738, 110.7365 23.0685, 110.7647 23.0001, 110.7702 22.9698, 110.7677 22.9605, 110.7602 22.9522, 110.7371 22.9348, 110.7298 22.9264, 110.7274 22.917, 110.7292 22.8952, 110.7365 22.8727, 110.7472 22.8531, 110.756 22.8465, 110.787 22.8373, 110.7906 22.8278, 110.7879 22.8181, 110.7691 22.7825, 110.7658 22.772, 110.7662 22.7624, 110.7705 22.7536, 110.7867 22.7376, 110.8536 22.689, 110.8697 22.674, 110.88 22.655, 110.89 22.6229, 110.8989 22.6028, 111.0524 22.6648, 111.0682 22.6799, 111.0654 22.7018, 111.0604 22.7398, 111.1231 22.7489, 111.2233 22.7877, 111.3667 22.9311, 111.3699 22.9381, 111.4246 23.0573, 111.4162 23.0721, 111.3889 23.0811, 111.3755 23.0934, 111.3535 23.3162, 111.3569 23.3277, 111.3791 23.4025, 111.3796 23.4041, 111.3964 23.4608, 111.4219 23.4876, 111.4751 23.5436, 111.4842 23.5657, 111.4915 23.5834, 111.5003 23.6296, 111.5015 23.6312, 111.5092 23.6422, 111.5753 23.6481, 111.6287 23.6715, 111.6318 23.7586, 111.6593 23.8368, 111.6549 23.85, 111.6476 23.9274, 111.6423 23.9479, 111.633 23.9664, 111.6159 23.981, 111.5385 24.0283, 111.5309 24.0369, 111.5319 24.0464, 111.5388 24.0543, 111.5695 24.0795, 111.5761 24.0884, 111.5777 24.1002, 111.5708 24.1221, 111.5589 24.1399, 111.5414 24.1543, 111.513 24.1664, 111.4897 24.1689, 111.4809 24.1639, 111.4775 24.1553, 111.4744 24.1145, 111.4717 24.1034, 111.4662 24.0954, 111.4567 24.0914, 111.4108 24.0897, 111.4006 24.0864, 111.394 24.0796, 111.3863 24.0594, 111.3841 24.024, 111.3889 24.0027, 111.4031 23.9709, 111.4051 23.9508, 111.402 23.941, 111.3905 23.9215, 111.3748 23.9036, 111.3578 23.8885, 111.3372 23.8764, 111.3144 23.8698, 111.2789 23.8714, 111.2552 23.8776, 111.2354 23.888, 111.2279 23.8954, 111.2008 23.9453, 111.1469 23.9252, 111.129 23.9123, 111.0953 23.8672, 111.0435 23.8228, 111.0312 23.8045, 111.0176 23.7736, 111.0052 23.7557, 110.9541 23.7261, 110.9476 23.7183, 110.944 23.7089, 110.9441 23.6641, 110.9288 23.67, 110.898 23.7042)))",1998
广西省,450000,北海市,450500,"MULTIPOLYGON (((109.1413 21.0359, 109.1441 21.056, 109.14 21.0684, 109.1295 21.075, 109.1126 21.0778, 109.0894 21.0685, 109.0786 21.0593, 109.0708 21.0406, 109.0695 21.0224, 109.0761 21.0086, 109.1014 21.0059, 109.1271 21.0186, 109.1413 21.0359)), ((109.5966 21.9178, 109.5227 21.8999, 109.4779 21.8935, 109.4668 21.8943, 109.4229 21.9101, 109.4117 21.9118, 109.343 21.9046, 109.3202 21.9063, 109.2861 21.9124, 109.245 21.8673, 109.2275 21.8546, 109.2068 21.849, 109.1476 21.8517, 109.0519 21.8412, 108.9825 21.8286, 108.9726 21.8241, 108.9572 21.81, 108.9312 21.759, 108.9318 21.7469, 108.9193 21.7375, 108.8912 21.7325, 108.8767 21.7268, 108.8691 21.7091, 108.8586 21.6932, 108.8629 21.6716, 108.8858 21.6477, 108.9112 21.6136, 108.9577 21.5996, 108.9868 21.5999, 109.0081 21.6075, 109.0293 21.6189, 109.0457 21.6339, 109.0641 21.6396, 109.0816 21.6268, 109.0828 21.611, 109.0908 21.5851, 109.1065 21.5685, 109.121 21.5705, 109.1345 21.5818, 109.1401 21.6041, 109.1459 21.6271, 109.1534 21.6311, 109.1638 21.6133, 109.1693 21.5885, 109.1694 21.5839, 109.1696 21.5579, 109.17 21.5105, 109.1633 21.5003, 109.1487 21.5058, 109.1109 21.5092, 109.0906 21.5043, 109.0743 21.481, 109.0558 21.4664, 109.0493 21.4613, 109.0427 21.4473, 109.0504 21.4362, 109.0555 21.4288, 109.076 21.4132, 109.1177 21.3987, 109.1691 21.3936, 109.201 21.3994, 109.2137 21.41, 109.2212 21.4298, 109.2216 21.4635, 109.2275 21.4908, 109.2436 21.4986, 109.2527 21.4896, 109.2537 21.4722, 109.2606 21.4546, 109.2868 21.4455, 109.3135 21.4452, 109.3296 21.4449, 109.3323 21.4449, 109.3363 21.4452, 109.4011 21.449, 109.4494 21.4577, 109.4842 21.4736, 109.5296 21.4998, 109.5489 21.5176, 109.5607 21.5411, 109.5662 21.5657, 109.5656 21.5919, 109.5582 21.6095, 109.5261 21.6279, 109.4843 21.6416, 109.4677 21.6527, 109.4628 21.6638, 109.4721 21.6733, 109.5078 21.7098, 109.5633 21.757, 109.5837 21.7645, 109.5993 21.7664, 109.61 21.7581, 109.61 21.7433, 109.5916 21.7284, 109.5702 21.7104, 109.5656 21.6962, 109.5766 21.6657, 109.5974 21.6144, 109.6104 21.5757, 109.6216 21.5659, 109.6313 21.5676, 109.638 21.5889, 109.6477 21.6092, 109.6642 21.6212, 109.6862 21.6248, 109.6959 21.6211, 109.695 21.6053, 109.6796 21.583, 109.6663 21.5639, 109.6594 21.5347, 109.6595 21.5124, 109.6838 21.4837, 109.7119 21.4717, 109.7439 21.4644, 109.7555 21.4728, 109.7577 21.4889, 109.7555 21.5074, 109.7525 21.5303, 109.7456 21.5641, 109.7505 21.5779, 109.7457 21.586, 109.7441 21.6446, 109.7576 21.6694, 109.7042 21.719, 109.6922 21.7363, 109.6886 21.7458, 109.6887 21.7669, 109.7056 21.8577, 109.7049 21.8678, 109.7013 21.8765, 109.6932 21.8835, 109.6622 21.8969, 109.5966 21.9178)))",1998
广西省,450000,防城港市,450600,"MULTIPOLYGON (((108.1548 22.2974, 108.1183 22.3395, 108.0957 22.3658, 108.021 22.3434, 107.9914 22.3282, 107.9754 22.3127, 107.9472 22.277, 107.9219 22.2388, 107.9065 22.2239, 107.8969 22.2191, 107.8744 22.214, 107.8387 22.2111, 107.7693 22.2116, 107.6915 22.1919, 107.6224 22.1868, 107.6579 22.1176, 107.6649 22.0975, 107.6665 22.0782, 107.6624 22.0695, 107.6285 22.0395, 107.5924 21.9966, 107.5678 21.9597, 107.5531 21.9296, 107.5502 21.9193, 107.5491 21.8979, 107.561 21.7992, 107.5597 21.7775, 107.5501 21.7235, 107.4771 21.6454, 107.5058 21.6212, 107.5819 21.6187, 107.7258 21.6362, 107.8014 21.6659, 107.8547 21.6572, 107.8742 21.6466, 107.8889 21.6316, 107.8911 21.6293, 107.959 21.5598, 107.9904 21.5456, 108.0017 21.5438, 108.0006 21.5525, 108.0189 21.5575, 108.0738 21.5548, 108.1101 21.5388, 108.1241 21.5156, 108.1397 21.5072, 108.1742 21.5253, 108.1813 21.5379, 108.1412 21.5522, 108.1336 21.5677, 108.1366 21.5861, 108.1642 21.606, 108.2083 21.6143, 108.2123 21.6207, 108.2029 21.6354, 108.2059 21.6514, 108.2106 21.6551, 108.2125 21.6567, 108.2177 21.6608, 108.2372 21.6644, 108.2464 21.6484, 108.2506 21.6439, 108.2551 21.6125, 108.2558 21.5716, 108.2441 21.5533, 108.2281 21.5374, 108.2167 21.5221, 108.2133 21.5087, 108.2183 21.5023, 108.2339 21.4998, 108.2598 21.5151, 108.2903 21.5397, 108.3129 21.5579, 108.3167 21.5819, 108.314 21.6075, 108.3105 21.65, 108.308 21.6916, 108.3219 21.7305, 108.3383 21.7354, 108.3481 21.7318, 108.361 21.7153, 108.362 21.7127, 108.3681 21.6969, 108.3647 21.6708, 108.3588 21.6455, 108.352 21.6168, 108.3541 21.6003, 108.3723 21.5997, 108.383 21.6086, 108.3936 21.6287, 108.406 21.6463, 108.4157 21.6664, 108.4255 21.6787, 108.4421 21.6859, 108.4499 21.6833, 108.4579 21.6723, 108.4553 21.6527, 108.4343 21.6274, 108.409 21.5966, 108.3935 21.572, 108.3967 21.5544, 108.4192 21.5427, 108.4541 21.5451, 108.483 21.5576, 108.5127 21.5821, 108.5346 21.6084, 108.5468 21.6327, 108.5543 21.6542, 108.5567 21.6839, 108.5524 21.7098, 108.5446 21.7153, 108.532 21.7123, 108.5215 21.701, 108.514 21.6861, 108.5086 21.6755, 108.5015 21.6748, 108.4868 21.6838, 108.4798 21.6986, 108.4863 21.7181, 108.4985 21.7406, 108.501 21.7694, 108.4977 21.7953, 108.4808 21.8192, 108.4541 21.8457, 108.4392 21.8649, 108.4456 21.8845, 108.4548 21.9056, 108.442 21.9135, 108.4254 21.9185, 108.4125 21.9169, 108.4054 21.9169, 108.354 21.9221, 108.3077 21.9119, 108.2967 21.9113, 108.2837 21.9141, 108.2553 21.9331, 108.1889 21.9954, 108.1881 22.103, 108.1932 22.1475, 108.1999 22.1689, 108.2052 22.1781, 108.2209 22.1923, 108.2736 22.2177, 108.2506 22.2509, 108.2359 22.2672, 108.227 22.2729, 108.2159 22.2747, 108.1908 22.2741, 108.1799 22.2766, 108.1548 22.2974)))",1998
广西省,450000,钦州市,450700,"MULTIPOLYGON (((109.6052 22.6788, 109.5125 22.6435, 109.4573 22.6264, 109.446 22.6252, 109.3997 22.6302, 109.376 22.6286, 109.3524 22.625, 109.332 22.6165, 109.3051 22.594, 109.2861 22.5661, 109.284 22.5562, 109.2981 22.5158, 109.2909 22.5072, 109.2808 22.504, 109.2582 22.5018, 109.2267 22.5058, 109.2166 22.5107, 109.1839 22.5395, 109.1662 22.5506, 109.1556 22.549, 109.1367 22.524, 109.128 22.5162, 109.1067 22.5136, 109.0479 22.5235, 109.014 22.5335, 108.9916 22.5366, 108.9693 22.5314, 108.936 22.5188, 108.9138 22.5171, 108.8918 22.5218, 108.8327 22.5433, 108.7693 22.5162, 108.7408 22.4977, 108.6874 22.4574, 108.6495 22.4549, 108.6283 22.4473, 108.6081 22.4363, 108.5799 22.4168, 108.5561 22.3937, 108.5457 22.3737, 108.5202 22.288, 108.5083 22.2704, 108.4902 22.2558, 108.4687 22.245, 108.4471 22.2409, 108.4362 22.2434, 108.4026 22.2577, 108.3915 22.2593, 108.3806 22.2577, 108.3481 22.2484, 108.2736 22.2177, 108.2209 22.1923, 108.2052 22.1781, 108.1999 22.1689, 108.1932 22.1475, 108.1881 22.103, 108.1889 21.9954, 108.2553 21.9331, 108.2837 21.9141, 108.2967 21.9113, 108.3077 21.9119, 108.354 21.9221, 108.4054 21.9169, 108.4064 21.9169, 108.4125 21.9169, 108.4254 21.9185, 108.442 21.9135, 108.4548 21.9056, 108.4597 21.9171, 108.4801 21.9221, 108.4824 21.9135, 108.4825 21.8933, 108.478 21.8692, 108.4822 21.8507, 108.5018 21.8509, 108.5146 21.8671, 108.5321 21.8941, 108.5455 21.9091, 108.5523 21.911, 108.5551 21.9023, 108.5591 21.8894, 108.5722 21.8844, 108.5838 21.8855, 108.6022 21.8932, 108.6208 21.9009, 108.6382 21.8946, 108.6424 21.8742, 108.6301 21.8453, 108.5937 21.8124, 108.5705 21.7915, 108.5602 21.7758, 108.5762 21.7482, 108.5902 21.7238, 108.6019 21.7123, 108.6176 21.7061, 108.633 21.7174, 108.6463 21.7389, 108.655 21.7399, 108.6638 21.7336, 108.6798 21.7013, 108.7181 21.624, 108.7385 21.6, 108.7549 21.603, 108.7741 21.618, 108.7954 21.6229, 108.8187 21.6232, 108.8328 21.6174, 108.8499 21.6185, 108.8585 21.6277, 108.8578 21.6395, 108.8396 21.6578, 108.8112 21.6834, 108.7859 21.7047, 108.7802 21.7236, 108.7875 21.74, 108.8053 21.7381, 108.8163 21.7145, 108.8303 21.7087, 108.8428 21.7181, 108.8541 21.7433, 108.8434 21.7609, 108.8185 21.7802, 108.7943 21.8002, 108.7918 21.8279, 108.8024 21.8363, 108.8259 21.8292, 108.8674 21.8127, 108.9088 21.7857, 108.9312 21.759, 108.9572 21.81, 108.9726 21.8241, 108.9825 21.8286, 109.0519 21.8412, 109.1476 21.8517, 109.2068 21.849, 109.2275 21.8546, 109.245 21.8673, 109.2861 21.9124, 109.3202 21.9063, 109.343 21.9046, 109.4117 21.9118, 109.4229 21.9101, 109.4668 21.8943, 109.4779 21.8935, 109.5227 21.8999, 109.5966 21.9178, 109.5838 21.9651, 109.5821 22.0202, 109.5797 22.0306, 109.5501 22.0784, 109.5463 22.0884, 109.5436 22.1098, 109.5446 22.1321, 109.5505 22.1649, 109.5774 22.2254, 109.5801 22.2758, 109.5824 22.2856, 109.5891 22.2946, 109.5983 22.2982, 109.6399 22.2983, 109.6519 22.2996, 109.6614 22.3036, 109.6676 22.3117, 109.6796 22.3518, 109.686 22.359, 109.6957 22.3628, 109.7173 22.3638, 109.7386 22.3594, 109.7488 22.3545, 109.7881 22.3197, 109.7967 22.3154, 109.8074 22.3161, 109.8165 22.3221, 109.8342 22.3452, 109.8407 22.3661, 109.828 22.4205, 109.8327 22.4709, 109.8428 22.5612, 109.7659 22.5528, 109.7437 22.5542, 109.7235 22.5617, 109.7056 22.5764, 109.6828 22.603, 109.6713 22.6217, 109.6523 22.6621, 109.6052 22.6788)))",1998
广西省,450000,贵港市,450800,"MULTIPOLYGON (((110.4253 23.872, 110.3787 23.8803, 110.3692 23.8843, 110.3618 23.8929, 110.3598 23.9142, 110.3651 23.9439, 110.3706 23.9649, 110.3915 24.0204, 110.3749 24.0522, 110.3169 24.0016, 110.302 23.9854, 110.2918 23.9681, 110.2914 23.9585, 110.2954 23.948, 110.3108 23.9205, 110.3138 23.9103, 110.312 23.901, 110.3058 23.8911, 110.2913 23.8772, 110.2727 23.8679, 110.2612 23.8699, 110.2222 23.9075, 110.2118 23.9115, 110.2031 23.9055, 110.1828 23.8697, 110.174 23.8635, 110.163 23.8613, 110.1255 23.8619, 110.1144 23.8597, 110.0966 23.8474, 110.0598 23.8033, 109.9926 23.7597, 109.9652 23.7394, 109.9493 23.7236, 109.9218 23.6881, 109.9159 23.6299, 109.9103 23.5978, 109.8835 23.5253, 109.8712 23.4753, 109.8645 23.467, 109.8547 23.4657, 109.81 23.4903, 109.7988 23.4929, 109.7877 23.4921, 109.7645 23.4856, 109.7429 23.4743, 109.7265 23.46, 109.7163 23.4406, 109.7039 23.4088, 109.6446 23.4026, 109.6122 23.3935, 109.5961 23.3792, 109.5699 23.3411, 109.5499 23.3287, 109.541 23.326, 109.5281 23.3221, 109.5168 23.322, 109.5058 23.3269, 109.4986 23.3339, 109.4684 23.3841, 109.3969 23.3996, 109.3624 23.4046, 109.326 23.4064, 109.3035 23.4023, 109.2937 23.3975, 109.2763 23.3837, 109.1976 23.3014, 109.2265 23.2661, 109.2344 23.2463, 109.2388 23.2143, 109.2412 23.1328, 109.295 23.111, 109.3209 23.0882, 109.334 23.0693, 109.338 23.0596, 109.3387 23.0495, 109.3268 23.0191, 109.3256 23.0088, 109.3348 22.9905, 109.3505 22.9736, 109.3776 22.951, 109.4371 22.9165, 109.4642 22.881, 109.4979 22.85, 109.5041 22.841, 109.5056 22.8388, 109.5101 22.8322, 109.519 22.7887, 109.5234 22.7787, 109.5494 22.743, 109.6052 22.6788, 109.6523 22.6621, 109.7302 22.7133, 109.7544 22.7349, 109.7598 22.7435, 109.7616 22.7541, 109.7595 22.7888, 109.752 22.8344, 109.7547 22.8539, 109.761 22.8617, 109.7817 22.8736, 109.8045 22.8826, 109.8346 22.8857, 109.844 22.8908, 109.8437 22.9015, 109.8267 22.9402, 109.8205 22.9599, 109.8175 22.9817, 109.8298 22.9972, 109.8806 23.0278, 109.9671 22.9861, 110.0096 22.9689, 110.0208 22.9661, 110.0585 22.9674, 110.0693 22.9659, 110.0777 22.9609, 110.0837 22.9521, 110.0968 22.911, 110.1017 22.9015, 110.1105 22.8948, 110.1203 22.895, 110.1596 22.9097, 110.1711 22.9115, 110.1812 22.9091, 110.1905 22.9036, 110.2253 22.8716, 110.263 22.8766, 110.2698 22.9463, 110.2813 23.0001, 110.2945 23.03, 110.3265 23.0621, 110.408 23.0522, 110.4307 23.0534, 110.4536 23.0588, 110.4754 23.0679, 110.4946 23.0798, 110.5109 23.095, 110.5407 23.1294, 110.5343 23.1846, 110.5356 23.1944, 110.541 23.204, 110.55 23.2082, 110.5941 23.2152, 110.6041 23.2206, 110.6327 23.2439, 110.6465 23.2619, 110.6499 23.2709, 110.6498 23.28, 110.646 23.2897, 110.6337 23.3069, 110.6114 23.3312, 110.573 23.359, 110.5675 23.3674, 110.5648 23.3771, 110.5643 23.3994, 110.5729 23.4329, 110.5777 23.4423, 110.5856 23.4503, 110.6156 23.4714, 110.6225 23.4794, 110.6257 23.4887, 110.6259 23.5098, 110.6142 23.5541, 110.6015 23.5846, 110.5843 23.6133, 110.5521 23.6473, 110.5405 23.6649, 110.539 23.6747, 110.5405 23.6851, 110.5737 23.7709, 110.5748 23.7806, 110.5723 23.7897, 110.5557 23.8058, 110.5369 23.8166, 110.4804 23.8319, 110.4364 23.8679, 110.4253 23.872)))",1998
广西省,450000,玉林市,450900,"MULTIPOLYGON (((110.7012 23.0738, 110.6806 23.0823, 110.65 23.1172, 110.641 23.1231, 110.6082 23.1293, 110.5407 23.1294, 110.5109 23.095, 110.4946 23.0798, 110.4754 23.0679, 110.4536 23.0588, 110.4307 23.0534, 110.408 23.0522, 110.3265 23.0621, 110.2945 23.03, 110.2813 23.0001, 110.2698 22.9463, 110.263 22.8766, 110.2253 22.8716, 110.1905 22.9036, 110.1812 22.9091, 110.1711 22.9115, 110.1596 22.9097, 110.1203 22.895, 110.1105 22.8948, 110.1017 22.9015, 110.0968 22.911, 110.0837 22.9521, 110.0777 22.9609, 110.0693 22.9659, 110.0585 22.9674, 110.0208 22.9661, 110.0096 22.9689, 109.9671 22.9861, 109.8806 23.0278, 109.8298 22.9972, 109.8175 22.9817, 109.8205 22.9599, 109.8267 22.9402, 109.8437 22.9015, 109.844 22.8908, 109.8346 22.8857, 109.8045 22.8826, 109.7817 22.8736, 109.761 22.8617, 109.7547 22.8539, 109.752 22.8344, 109.7595 22.7888, 109.7616 22.7541, 109.7598 22.7435, 109.7544 22.7349, 109.7302 22.7133, 109.6523 22.6621, 109.6713 22.6217, 109.6828 22.603, 109.7056 22.5764, 109.7235 22.5617, 109.7437 22.5542, 109.7659 22.5528, 109.8365 22.5605, 109.8428 22.5612, 109.8327 22.4709, 109.828 22.4205, 109.8407 22.3661, 109.8342 22.3452, 109.8165 22.3221, 109.8074 22.3161, 109.7967 22.3154, 109.7881 22.3197, 109.7488 22.3545, 109.7386 22.3594, 109.7173 22.3638, 109.6957 22.3628, 109.686 22.359, 109.6796 22.3518, 109.6676 22.3117, 109.6614 22.3036, 109.6519 22.2996, 109.6399 22.2983, 109.5983 22.2982, 109.5891 22.2946, 109.5824 22.2856, 109.5801 22.2758, 109.5774 22.2254, 109.5505 22.1649, 109.5446 22.1321, 109.5436 22.1098, 109.5463 22.0884, 109.5501 22.0784, 109.5797 22.0306, 109.5821 22.0202, 109.5838 21.9651, 109.5966 21.9178, 109.6622 21.8969, 109.6932 21.8835, 109.7013 21.8765, 109.7049 21.8678, 109.7056 21.8577, 109.6887 21.7669, 109.6886 21.7458, 109.6922 21.7363, 109.7042 21.719, 109.7576 21.6694, 109.7637 21.6806, 109.7786 21.6797, 109.7956 21.6609, 109.8132 21.6537, 109.9018 21.6819, 109.9263 21.7364, 109.9408 21.8399, 109.9566 21.8663, 109.9833 21.8825, 110.0022 21.8866, 110.063 21.8781, 110.1406 21.9148, 110.2444 21.9145, 110.3557 21.914, 110.3727 21.9244, 110.3913 21.9356, 110.396 21.9527, 110.3604 22.035, 110.3597 22.1135, 110.3381 22.1876, 110.3564 22.1977, 110.3887 22.1889, 110.4124 22.2015, 110.427 22.2093, 110.4875 22.1659, 110.5155 22.1611, 110.5265 22.1663, 110.5454 22.205, 110.5564 22.2121, 110.5817 22.2036, 110.6123 22.1803, 110.6306 22.1842, 110.6509 22.2029, 110.6566 22.2289, 110.6638 22.2622, 110.7104 22.2827, 110.7565 22.2943, 110.7771 22.2995, 110.7663 22.3251, 110.7227 22.3757, 110.7102 22.4205, 110.7128 22.4431, 110.7005 22.4682, 110.7005 22.4683, 110.7012 22.4891, 110.7187 22.5234, 110.7626 22.5823, 110.7782 22.5842, 110.7956 22.5737, 110.8246 22.5957, 110.8915 22.5998, 110.8989 22.6028, 110.89 22.6229, 110.88 22.655, 110.8697 22.674, 110.8536 22.689, 110.7867 22.7376, 110.7705 22.7536, 110.7662 22.7624, 110.7658 22.772, 110.7691 22.7825, 110.7879 22.8181, 110.7906 22.8278, 110.787 22.8373, 110.756 22.8465, 110.7472 22.8531, 110.7365 22.8727, 110.7292 22.8952, 110.7274 22.917, 110.7298 22.9264, 110.7371 22.9348, 110.7602 22.9522, 110.7677 22.9605, 110.7702 22.9698, 110.7647 23.0001, 110.7365 23.0685, 110.7012 23.0738)))",1998
广西省,450000,南宁地区,452100,"MULTIPOLYGON (((107.2446 23.3264, 107.2228 23.3198, 107.1753 23.3227, 107.1642 23.3212, 107.144 23.3104, 107.1154 23.2884, 107.0951 23.2808, 107.0617 23.2833, 106.9872 23.3031, 106.9435 23.2861, 106.9237 23.2751, 106.9086 23.2589, 106.8898 23.2299, 106.8738 23.2152, 106.8519 23.2078, 106.8159 23.2009, 106.7965 23.1914, 106.7835 23.1737, 106.7724 23.1412, 106.7693 23.1198, 106.7679 23.0755, 106.8013 23.0707, 106.7807 23.0313, 106.7685 23.0129, 106.7188 22.9668, 106.6682 22.9001, 106.6975 22.8885, 106.713 22.8708, 106.8125 22.8155, 106.7951 22.7624, 106.7819 22.744, 106.7139 22.6484, 106.6909 22.5957, 106.6849 22.5556, 106.636 22.5445, 106.6147 22.558, 106.5971 22.5513, 106.5432 22.4327, 106.5695 22.3471, 106.6077 22.3296, 106.6497 22.3249, 106.6705 22.2717, 106.6719 22.2651, 106.6916 22.1705, 106.694 22.0927, 106.6727 21.9965, 106.6833 21.9626, 106.7123 21.9551, 106.7741 21.9791, 106.8231 21.9742, 106.8592 21.9857, 106.8822 21.9777, 106.9034 21.9614, 106.9247 21.9451, 106.9648 21.9246, 107.0203 21.9395, 107.0413 21.9386, 107.0541 21.9242, 107.0558 21.9025, 107.0403 21.8807, 107.0014 21.8488, 106.996 21.8397, 107.0002 21.8195, 107.0587 21.8076, 107.1069 21.7805, 107.2058 21.7087, 107.2324 21.7103, 107.2734 21.7407, 107.2908 21.7379, 107.3299 21.6926, 107.3477 21.613, 107.3678 21.5993, 107.3898 21.6039, 107.4178 21.6467, 107.4419 21.6652, 107.4622 21.6579, 107.4771 21.6454, 107.5501 21.7235, 107.5597 21.7775, 107.561 21.7992, 107.5491 21.8979, 107.5502 21.9193, 107.5531 21.9296, 107.5678 21.9597, 107.5924 21.9966, 107.6285 22.0395, 107.6624 22.0695, 107.6665 22.0782, 107.6649 22.0975, 107.6579 22.1176, 107.6224 22.1868, 107.6915 22.1919, 107.7693 22.2116, 107.8387 22.2111, 107.8744 22.214, 107.8969 22.2191, 107.9065 22.2239, 107.9219 22.2388, 107.9472 22.277, 107.9754 22.3127, 107.9914 22.3282, 108.021 22.3434, 108.0957 22.3658, 108.0821 22.4134, 108.0664 22.4558, 108.0168 22.4747, 107.9748 22.4939, 107.9682 22.5008, 107.9688 22.5165, 107.9878 22.5361, 107.9912 22.5475, 107.9878 22.5655, 107.9783 22.5891, 107.9816 22.6092, 107.9896 22.6233, 108.0245 22.6336, 108.0761 22.645, 108.0794 22.6602, 108.0592 22.6734, 108.0308 22.6748, 108.0145 22.6683, 107.9603 22.6934, 107.9323 22.7016, 107.932 22.7181, 107.9438 22.7271, 107.9853 22.7384, 107.9934 22.7455, 107.9987 22.7613, 107.9893 22.7831, 107.9562 22.7945, 107.9504 22.8066, 107.9439 22.8442, 107.9229 22.8495, 107.8861 22.8491, 107.8637 22.8541, 107.8238 22.8756, 107.757 22.92, 107.7988 22.9458, 107.8193 22.9554, 107.8419 22.9597, 107.8891 22.9624, 107.9197 22.977, 107.9468 22.9992, 107.9609 23.016, 107.9779 23.0686, 107.9924 23.0874, 108.0022 23.0927, 108.0241 23.0927, 108.0809 23.0815, 108.0632 23.1233, 108.0494 23.1391, 108.0395 23.1439, 107.9937 23.1573, 107.9394 23.1988, 107.929 23.2032, 107.893 23.2078, 107.883 23.212, 107.8746 23.2188, 107.86 23.2364, 107.8447 23.2665, 107.8391 23.2874, 107.8312 23.3391, 107.7394 23.3121, 107.6964 23.2934, 107.6747 23.2863, 107.6519 23.2858, 107.6052 23.2934, 107.5818 23.2879, 107.5718 23.2814, 107.566 23.2728, 107.5594 23.2218, 107.556 23.213, 107.5475 23.2073, 107.5257 23.2077, 107.4849 23.2207, 107.4747 23.2258, 107.4525 23.2508, 107.444 23.2572, 107.4342 23.2588, 107.4127 23.2542, 107.3674 23.2357, 107.2969 23.3517, 107.2446 23.3264)), ((108.4277 23.8403, 108.4347 23.8497, 108.4653 23.8784, 108.471 23.8865, 108.471 23.8956, 108.4632 23.9016, 108.4212 23.9182, 108.414 23.9269, 108.4153 23.9377, 108.4199 23.9473, 108.4433 23.9805, 108.4594 24.0099, 108.4067 24.021, 108.3474 23.999, 108.3518 23.9418, 108.3507 23.9305, 108.3461 23.9212, 108.3387 23.9132, 108.3021 23.8839, 108.2965 23.8746, 108.2932 23.8634, 108.2855 23.8234, 108.2782 23.8152, 108.2686 23.8126, 108.2566 23.8127, 108.2244 23.8204, 108.2046 23.8315, 108.1815 23.852, 108.0813 23.7831, 108.0146 23.743, 108.0087 23.6871, 107.9977 23.66, 107.9891 23.6554, 107.9441 23.6515, 107.9339 23.6468, 107.9259 23.6391, 107.9056 23.6103, 107.8978 23.6026, 107.8884 23.5979, 107.8775 23.5961, 107.8291 23.5965, 107.7861 23.5762, 107.7754 23.5734, 107.7535 23.5758, 107.6982 23.5975, 107.7238 23.471, 107.7312 23.4512, 107.7376 23.4441, 107.7576 23.4365, 107.7926 23.435, 107.8162 23.4368, 107.8501 23.4458, 107.8704 23.4464, 107.8834 23.4577, 107.9053 23.4702, 107.9267 23.4789, 107.9368 23.4795, 107.9463 23.4764, 107.9551 23.4703, 107.981 23.4447, 108.0006 23.4317, 108.0386 23.4154, 108.0617 23.4116, 108.0666 23.4217, 108.0542 23.4618, 108.0556 23.4717, 108.0675 23.4721, 108.1085 23.4573, 108.1209 23.4551, 108.1317 23.4566, 108.151 23.4676, 108.1793 23.4896, 108.2004 23.4985, 108.2349 23.5051, 108.3968 23.5256, 108.434 23.4987, 108.4508 23.4838, 108.4648 23.4665, 108.4885 23.4286, 108.5066 23.3879, 108.5179 23.3692, 108.5259 23.3614, 108.5558 23.3416, 108.5705 23.3258, 108.5778 23.306, 108.5823 23.2849, 108.5918 23.209, 108.5514 23.1758, 108.5439 23.1678, 108.5397 23.1583, 108.5429 23.1496, 108.5515 23.1414, 108.6129 23.1084, 108.6644 23.1058, 108.6862 23.1009, 108.6954 23.0958, 108.7093 23.0793, 108.7342 23.0404, 108.777 23.003, 108.7717 22.985, 108.7798 22.9683, 108.7946 22.9656, 108.8153 22.9722, 108.8123 22.9013, 108.8047 22.8358, 108.8089 22.8148, 108.8245 22.7841, 108.8312 22.7637, 108.8278 22.7432, 108.809 22.7019, 108.8065 22.6695, 108.8137 22.6177, 108.8327 22.5433, 108.8918 22.5218, 108.9138 22.5171, 108.936 22.5188, 108.9693 22.5314, 108.9916 22.5366, 109.014 22.5335, 109.0479 22.5235, 109.1067 22.5136, 109.128 22.5162, 109.1367 22.524, 109.1556 22.549, 109.1662 22.5506, 109.1839 22.5395, 109.2166 22.5107, 109.2267 22.5058, 109.2582 22.5018, 109.2808 22.504, 109.2909 22.5072, 109.2981 22.5158, 109.284 22.5562, 109.2861 22.5661, 109.3051 22.594, 109.332 22.6165, 109.3524 22.625, 109.376 22.6286, 109.3997 22.6302, 109.446 22.6252, 109.4573 22.6264, 109.5125 22.6435, 109.6052 22.6788, 109.5494 22.743, 109.5234 22.7787, 109.519 22.7887, 109.5101 22.8322, 109.5041 22.841, 109.4979 22.85, 109.4642 22.881, 109.4371 22.9165, 109.3776 22.951, 109.3505 22.9736, 109.3348 22.9905, 109.3256 23.0088, 109.3268 23.0191, 109.3387 23.0495, 109.338 23.0596, 109.334 23.0693, 109.3209 23.0882, 109.295 23.111, 109.2412 23.1328, 109.2388 23.2143, 109.2344 23.2463, 109.2265 23.2661, 109.1976 23.3014, 109.1431 23.2916, 109.1212 23.2916, 109.112 23.2949, 109.1053 23.3025, 109.0932 23.3302, 109.0868 23.3397, 109.068 23.3524, 109.0342 23.3646, 109.0115 23.3652, 108.9704 23.3499, 108.9582 23.3508, 108.9504 23.3563, 108.9438 23.3647, 108.9293 23.3912, 108.915 23.4093, 108.8615 23.4518, 108.8101 23.5414, 108.7931 23.5816, 108.7837 23.6466, 108.7817 23.7237, 108.7784 23.7451, 108.7667 23.7626, 108.722 23.7995, 108.6547 23.7735, 108.6076 23.7641, 108.5861 23.7569, 108.5693 23.7429, 108.5501 23.7138, 108.5355 23.6974, 108.5258 23.6928, 108.4895 23.6909, 108.4432 23.7781, 108.4292 23.8092, 108.4247 23.8307, 108.4277 23.8403)))",1998
广西省,450000,柳州地区,452200,"MULTIPOLYGON (((109.4923 26.0276, 109.4713 26.0306, 109.4077 25.9777, 109.3333 25.8504, 109.3116 25.7822, 109.3353 25.7581, 109.3268 25.7489, 109.2982 25.7455, 109.2455 25.7581, 109.2038 25.7792, 109.1836 25.8048, 109.1734 25.8107, 109.1679 25.8138, 109.0983 25.8218, 108.9915 25.8126, 108.883 25.7244, 108.9054 25.7098, 108.9505 25.7096, 109.0495 25.7548, 109.0634 25.7183, 109.0648 25.7146, 109.0366 25.6641, 109.0366 25.5986, 109.071 25.5474, 109.0516 25.5292, 109.0276 25.5261, 108.8864 25.556, 108.7872 25.5469, 108.7739 25.5662, 108.7714 25.636, 108.6933 25.6254, 108.619 25.4748, 108.6175 25.3345, 108.6022 25.3272, 108.6053 25.3114, 108.6287 25.2863, 108.6405 25.268, 108.6522 25.2143, 108.6563 25.2044, 108.6636 25.1959, 108.6918 25.1763, 108.6981 25.1684, 108.6993 25.1593, 108.6971 25.1494, 108.6764 25.1076, 108.8002 25.1292, 108.8581 25.1443, 108.8694 25.1437, 108.8998 25.1277, 108.9104 25.1242, 108.9206 25.1257, 108.9402 25.1366, 109.0168 25.1927, 109.0267 25.1965, 109.0388 25.1964, 109.0491 25.1921, 109.0731 25.1714, 109.0801 25.1618, 109.0885 25.1423, 109.0933 25.109, 109.0901 25.0766, 109.079 25.0449, 109.0609 25.0171, 109.0523 25.0098, 109.0114 24.9849, 109.0036 24.9774, 108.9905 24.9495, 108.9877 24.9284, 108.9914 24.9186, 109.0009 24.9144, 109.0243 24.9137, 109.0806 24.9219, 109.1134 24.9349, 109.1238 24.9333, 109.1244 24.9237, 109.1107 24.8734, 109.1115 24.8629, 109.123 24.845, 109.1403 24.8284, 109.1484 24.82, 109.2062 24.8262, 109.2478 24.7873, 109.2787 24.7685, 109.301 24.7594, 109.3119 24.7578, 109.3224 24.7593, 109.363 24.7858, 109.3737 24.7897, 109.3849 24.7903, 109.4311 24.7849, 109.5138 24.7662, 109.4732 24.6676, 109.4692 24.6474, 109.4732 24.6385, 109.4842 24.6341, 109.5278 24.6303, 109.5396 24.6269, 109.5491 24.621, 109.5715 24.5994, 109.5829 24.58, 109.5844 24.5709, 109.5811 24.5623, 109.5511 24.532, 109.5451 24.5226, 109.508 24.4505, 109.512 24.4184, 109.5146 24.3966, 109.5109 24.3208, 109.5087 24.2771, 109.5475 24.2497, 109.5678 24.2427, 109.6012 24.2558, 109.6492 24.2608, 109.6724 24.2589, 109.6933 24.2509, 109.7384 24.2178, 109.7169 24.1766, 109.703 24.1605, 109.6937 24.1559, 109.6824 24.1541, 109.6374 24.1555, 109.6262 24.1538, 109.6172 24.1493, 109.6107 24.1415, 109.5958 24.1002, 109.5898 24.091, 109.5712 24.0796, 109.5251 24.0653, 109.507 24.0522, 109.4926 24.0348, 109.4742 24.0065, 109.4214 23.9113, 109.3715 23.9132, 109.3606 23.9156, 109.3517 23.9202, 109.3401 23.9369, 109.3253 23.9809, 109.3014 24.0194, 109.2853 24.0345, 109.253 24.0526, 109.23 24.0596, 109.2195 24.0601, 109.2102 24.0566, 109.1825 24.0225, 109.171 24.0204, 109.141 24.0318, 109.081 24.0691, 109.048 24.1006, 109.027 24.1096, 108.981 24.1219, 108.9624 24.1343, 108.946 24.1507, 108.9328 24.1693, 108.9238 24.1889, 108.9103 24.258, 108.8635 24.2734, 108.846 24.2854, 108.8416 24.2945, 108.8391 24.336, 108.8366 24.3463, 108.8309 24.354, 108.822 24.3602, 108.8015 24.3686, 108.7821 24.3728, 108.7588 24.3731, 108.7482 24.3677, 108.7264 24.332, 108.6904 24.3028, 108.6776 24.2858, 108.6729 24.2645, 108.6707 24.2311, 108.6726 24.197, 108.6686 24.1768, 108.6628 24.1684, 108.645 24.1542, 108.614 24.1356, 108.5825 24.1217, 108.5762 24.1144, 108.5751 24.1045, 108.5771 24.0929, 108.5876 24.0541, 108.5854 24.0433, 108.5769 24.0365, 108.5673 24.0329, 108.4946 24.0236, 108.4646 24.0197, 108.4594 24.0099, 108.4433 23.9805, 108.4199 23.9473, 108.4153 23.9377, 108.414 23.9269, 108.4212 23.9182, 108.4632 23.9016, 108.471 23.8956, 108.471 23.8865, 108.4653 23.8784, 108.4347 23.8497, 108.4277 23.8403, 108.4247 23.8307, 108.4292 23.8092, 108.4432 23.7781, 108.4895 23.6909, 108.5258 23.6928, 108.5355 23.6974, 108.5501 23.7138, 108.5693 23.7429, 108.5861 23.7569, 108.6076 23.7641, 108.6547 23.7735, 108.722 23.7995, 108.7667 23.7626, 108.7784 23.7451, 108.7817 23.7237, 108.7837 23.6466, 108.7931 23.5816, 108.8101 23.5414, 108.8615 23.4518, 108.915 23.4093, 108.9293 23.3912, 108.9438 23.3647, 108.9504 23.3563, 108.9582 23.3508, 108.9704 23.3499, 109.0115 23.3652, 109.0342 23.3646, 109.068 23.3524, 109.0868 23.3397, 109.0932 23.3302, 109.1053 23.3025, 109.112 23.2949, 109.1212 23.2916, 109.1431 23.2916, 109.1976 23.3014, 109.2763 23.3837, 109.2937 23.3975, 109.3035 23.4023, 109.326 23.4064, 109.3624 23.4046, 109.3969 23.3996, 109.4684 23.3841, 109.4986 23.3339, 109.5058 23.3269, 109.5168 23.322, 109.5281 23.3221, 109.541 23.326, 109.5499 23.3287, 109.5699 23.3411, 109.5961 23.3792, 109.6122 23.3935, 109.6446 23.4026, 109.7039 23.4088, 109.7163 23.4406, 109.7265 23.46, 109.7429 23.4743, 109.7645 23.4856, 109.7877 23.4921, 109.7988 23.4929, 109.81 23.4903, 109.8547 23.4657, 109.8645 23.467, 109.8712 23.4753, 109.8835 23.5253, 109.9103 23.5978, 109.9159 23.6299, 109.9218 23.6881, 109.9493 23.7236, 109.9652 23.7394, 109.9926 23.7597, 110.0598 23.8033, 110.0966 23.8474, 110.1144 23.8597, 110.1255 23.8619, 110.163 23.8613, 110.174 23.8635, 110.1828 23.8697, 110.2031 23.9055, 110.2118 23.9115, 110.2222 23.9075, 110.2612 23.8699, 110.2727 23.8679, 110.2913 23.8772, 110.3058 23.8911, 110.312 23.901, 110.3138 23.9103, 110.3108 23.9205, 110.2954 23.948, 110.2914 23.9585, 110.2918 23.9681, 110.302 23.9854, 110.3169 24.0016, 110.3749 24.0522, 110.3562 24.0896, 110.3572 24.1001, 110.3673 24.1069, 110.3984 24.1169, 110.4082 24.1229, 110.4431 24.1646, 110.4489 24.1742, 110.447 24.184, 110.4307 24.1965, 110.3811 24.2226, 110.3174 24.2739, 110.2797 24.316, 110.2629 24.331, 110.221 24.3535, 110.2125 24.3604, 110.2028 24.3793, 110.1964 24.4134, 110.1866 24.4318, 110.1687 24.4441, 110.113 24.466, 110.1486 24.5295, 110.1588 24.5595, 110.1577 24.58, 110.1363 24.6323, 110.0433 24.6772, 110.0318 24.6796, 109.9839 24.6819, 109.9638 24.6919, 109.946 24.707, 109.9307 24.7241, 109.9041 24.7726, 109.8732 24.8193, 109.8498 24.8424, 109.8293 24.8554, 109.8171 24.8562, 109.8081 24.8511, 109.786 24.8281, 109.7767 24.8206, 109.7668 24.8174, 109.7455 24.8216, 109.7117 24.8374, 109.6887 24.8441, 109.6653 24.8441, 109.6176 24.8381, 109.6091 24.8984, 109.6077 24.9306, 109.6123 24.9514, 109.6254 24.9822, 109.6345 25.0138, 109.6422 25.0566, 109.6416 25.0673, 109.6287 25.1102, 109.6288 25.1204, 109.6368 25.1398, 109.703 25.2315, 109.7257 25.2702, 109.7345 25.2903, 109.7386 25.3111, 109.7338 25.3547, 109.7339 25.3762, 109.7534 25.4388, 109.7754 25.4947, 109.7328 25.5766, 109.7868 25.6932, 109.7924 25.7136, 109.7923 25.7237, 109.7857 25.7442, 109.7668 25.7734, 109.7497 25.7899, 109.7141 25.8149, 109.7099 25.8246, 109.713 25.8351, 109.7413 25.8662, 109.7565 25.8923, 109.6722 25.8977, 109.6743 25.9408, 109.7001 26.0035, 109.6303 26.0562, 109.4923 26.0276)))",1998
广西省,450000,贺州地区,452400,"MULTIPOLYGON (((111.4661 24.6672, 111.4317 24.6763, 111.4318 24.7052, 111.4716 24.7968, 111.4455 24.8573, 111.4395 24.9709, 111.4627 25.0067, 111.4661 25.0242, 111.4609 25.0331, 111.3944 25.1454, 111.3232 25.1503, 111.2604 25.1396, 111.202 25.0833, 111.1115 25.043, 111.0929 24.9623, 111.078 24.9469, 111.1288 24.9052, 111.1475 24.8777, 111.1571 24.8463, 111.162 24.7782, 111.1087 24.7351, 111.0674 24.6962, 110.983 24.6253, 110.9793 24.5808, 110.9848 24.5609, 110.9913 24.5521, 111.0252 24.5194, 111.0349 24.5009, 111.0346 24.4793, 111.011 24.3433, 110.9777 24.3083, 110.9691 24.3019, 110.9578 24.2987, 110.9475 24.3047, 110.9317 24.3189, 110.9224 24.3226, 110.913 24.3157, 110.8858 24.2694, 110.8776 24.2622, 110.8675 24.2645, 110.8582 24.2727, 110.8463 24.2898, 110.8419 24.3007, 110.8427 24.3204, 110.852 24.3589, 110.8504 24.3693, 110.8415 24.3751, 110.8188 24.3765, 110.7979 24.3729, 110.7873 24.3685, 110.7806 24.3603, 110.7662 24.3237, 110.7558 24.3199, 110.7453 24.3204, 110.7218 24.3268, 110.6819 24.3451, 110.6631 24.3578, 110.6251 24.3893, 110.5612 24.3665, 110.5919 24.3077, 110.6034 24.2644, 110.6119 24.2448, 110.6283 24.2306, 110.6701 24.208, 110.6859 24.1914, 110.6984 24.1717, 110.703 24.1515, 110.7008 24.1413, 110.6818 24.0995, 110.6804 24.0892, 110.682 24.079, 110.7524 23.9408, 110.7953 23.9227, 110.836 23.9013, 110.856 23.8882, 110.8628 23.8808, 110.8662 23.8702, 110.863 23.86, 110.844 23.8246, 110.846 23.8141, 110.8859 23.7961, 110.8908 23.7879, 110.8913 23.7778, 110.884 23.7433, 110.8837 23.7323, 110.8868 23.7224, 110.898 23.7042, 110.9288 23.67, 110.9441 23.6641, 110.944 23.7089, 110.9476 23.7183, 110.9541 23.7261, 111.0052 23.7557, 111.0176 23.7736, 111.0312 23.8045, 111.0435 23.8228, 111.0953 23.8672, 111.129 23.9123, 111.1469 23.9252, 111.2008 23.9453, 111.2279 23.8954, 111.2354 23.888, 111.2552 23.8776, 111.2789 23.8714, 111.3144 23.8698, 111.3372 23.8764, 111.3578 23.8885, 111.3748 23.9036, 111.3905 23.9215, 111.402 23.941, 111.4051 23.9508, 111.4031 23.9709, 111.3889 24.0027, 111.3841 24.024, 111.3863 24.0594, 111.394 24.0796, 111.4006 24.0864, 111.4108 24.0897, 111.4567 24.0914, 111.4662 24.0954, 111.4717 24.1034, 111.4744 24.1145, 111.4775 24.1553, 111.4809 24.1639, 111.4897 24.1689, 111.513 24.1664, 111.5414 24.1543, 111.5589 24.1399, 111.5708 24.1221, 111.5777 24.1002, 111.5761 24.0884, 111.5695 24.0795, 111.5388 24.0543, 111.5319 24.0464, 111.5309 24.0369, 111.5385 24.0283, 111.6159 23.981, 111.633 23.9664, 111.6423 23.9479, 111.6476 23.9274, 111.6549 23.85, 111.6593 23.8368, 111.672 23.8386, 111.7001 23.8261, 111.7481 23.8345, 111.7992 23.8302, 111.8241 23.8608, 111.851 23.9484, 111.931 23.9651, 111.9337 23.9688, 111.9451 23.9844, 111.9456 23.9962, 111.911 24.0652, 111.8914 24.1411, 111.8827 24.237, 111.8876 24.2441, 111.9181 24.2532, 111.9532 24.2636, 112.025 24.31, 112.0507 24.3422, 112.0557 24.3809, 112.0168 24.4445, 111.9916 24.5529, 111.9823 24.5677, 111.932 24.604, 111.9255 24.6362, 111.959 24.7251, 112.0147 24.7459, 111.949 24.7712, 111.7842 24.7852, 111.7029 24.7816, 111.6827 24.7713, 111.6282 24.693, 111.5403 24.6475, 111.5087 24.6559, 111.4661 24.6672)))",1998
广西省,450000,百色地区,452600,"MULTIPOLYGON (((106.619 25.0566, 106.5996 25.0685, 106.5731 25.09, 106.5232 25.0899, 106.5155 25.0993, 106.5009 25.0907, 106.4102 25.0241, 106.3192 24.9895, 106.1499 24.9722, 106.1467 24.9543, 106.1475 24.9534, 106.183 24.9105, 106.1993 24.8735, 106.1854 24.8044, 106.1721 24.7901, 106.1276 24.7421, 106.0126 24.6441, 105.9914 24.6576, 105.924 24.7312, 105.8873 24.735, 105.8374 24.7141, 105.804 24.7149, 105.777 24.7247, 105.6936 24.7768, 105.6714 24.782, 105.5231 24.8164, 105.4968 24.8314, 105.4719 24.8571, 105.4446 24.913, 105.4359 24.931, 105.4217 24.9474, 105.3965 24.9509, 105.2936 24.9333, 105.264 24.9389, 105.2423 24.9523, 105.2273 25.0041, 105.1946 25.0196, 105.1716 25.0152, 105.0674 24.9191, 105.0496 24.9027, 105.0362 24.8757, 105.0272 24.8167, 105.015 24.7969, 104.8871 24.7568, 104.8114 24.6933, 104.7381 24.6316, 104.7117 24.6323, 104.6333 24.673, 104.5621 24.7326, 104.5462 24.7404, 104.5272 24.7366, 104.4742 24.6561, 104.4982 24.5791, 104.5171 24.541, 104.5614 24.4519, 104.5918 24.3907, 104.6301 24.3753, 104.672 24.3435, 104.7001 24.3316, 104.7111 24.3348, 104.7128 24.3662, 104.701 24.4099, 104.7075 24.4404, 104.7671 24.466, 105.058 24.4435, 105.0824 24.4366, 105.1869 24.3435, 105.2465 24.2148, 105.2401 24.1993, 105.2017 24.1887, 105.1853 24.1758, 105.1803 24.1615, 105.2713 24.0795, 105.2924 24.0865, 105.3268 24.1147, 105.3452 24.1184, 105.3742 24.1073, 105.3993 24.0765, 105.4273 24.0581, 105.475 24.0509, 105.4915 24.0627, 105.5019 24.0702, 105.5187 24.1189, 105.5336 24.133, 105.5645 24.1378, 105.5793 24.1401, 105.6214 24.1326, 105.6295 24.116, 105.6236 24.1155, 105.6237 24.0769, 105.6338 24.065, 105.6457 24.0631, 105.6977 24.0917, 105.7649 24.0852, 105.8938 24.1494, 105.987 24.1409, 106.0278 24.1231, 106.0911 24.0394, 106.0993 24.0081, 106.1227 23.9692, 106.1725 23.8864, 106.1265 23.6337, 106.1232 23.5817, 106.1182 23.5732, 106.1118 23.562, 106.0685 23.5137, 106.0633 23.5104, 106.0033 23.4713, 105.993 23.4645, 105.9869 23.4862, 105.9843 23.4956, 105.9655 23.5145, 105.9309 23.5255, 105.9098 23.5322, 105.883 23.5408, 105.8286 23.5372, 105.8232 23.5317, 105.8096 23.5177, 105.7238 23.4609, 105.6487 23.4109, 105.65 23.3983, 105.6785 23.3753, 105.6817 23.3728, 105.6824 23.3677, 105.6855 23.3469, 105.687 23.337, 105.6834 23.3361, 105.6215 23.3207, 105.6013 23.308, 105.5292 23.2537, 105.513 23.2158, 105.5113 23.212, 105.5471 23.1832, 105.5593 23.0916, 105.5674 23.0833, 105.5975 23.0791, 105.6419 23.0893, 105.7078 23.0654, 105.7726 23.0213, 105.8105 23.0046, 105.8492 22.9536, 105.8821 22.9335, 105.9644 22.9572, 106.0046 22.9841, 106.013 22.9848, 106.1378 22.9951, 106.1924 22.9809, 106.2395 22.9448, 106.2608 22.8846, 106.3002 22.871, 106.3509 22.8684, 106.4432 22.8964, 106.4788 22.9193, 106.499 22.9439, 106.5288 22.9495, 106.5537 22.9454, 106.6682 22.9001, 106.7188 22.9668, 106.7685 23.0129, 106.7807 23.0313, 106.8013 23.0707, 106.7679 23.0755, 106.7693 23.1198, 106.7724 23.1412, 106.7835 23.1737, 106.7965 23.1914, 106.8159 23.2009, 106.8519 23.2078, 106.8738 23.2152, 106.8898 23.2299, 106.9086 23.2589, 106.9237 23.2751, 106.9435 23.2861, 106.9872 23.3031, 107.0617 23.2833, 107.0951 23.2808, 107.1154 23.2884, 107.144 23.3104, 107.1642 23.3212, 107.1753 23.3227, 107.2228 23.3198, 107.2446 23.3264, 107.2969 23.3517, 107.3674 23.2357, 107.4127 23.2542, 107.4342 23.2588, 107.444 23.2572, 107.4525 23.2508, 107.4747 23.2258, 107.4849 23.2207, 107.5257 23.2077, 107.5475 23.2073, 107.556 23.213, 107.5594 23.2218, 107.566 23.2728, 107.5718 23.2814, 107.5818 23.2879, 107.6052 23.2934, 107.6519 23.2858, 107.6747 23.2863, 107.6964 23.2934, 107.7394 23.3121, 107.8312 23.3391, 107.8704 23.4464, 107.8501 23.4458, 107.8162 23.4368, 107.7926 23.435, 107.7576 23.4365, 107.7376 23.4441, 107.7312 23.4512, 107.7238 23.471, 107.6982 23.5975, 107.771 23.6687, 107.8175 23.6937, 107.8235 23.7029, 107.8234 23.7121, 107.8162 23.7337, 107.7988 23.7594, 107.791 23.7671, 107.7818 23.7722, 107.7341 23.7811, 107.6922 23.8037, 107.6817 23.8061, 107.6594 23.8003, 107.631 23.7858, 107.6202 23.7822, 107.6102 23.7821, 107.5923 23.7925, 107.5764 23.8106, 107.5571 23.8369, 107.5422 23.8687, 107.5351 23.8756, 107.5256 23.8786, 107.5142 23.8785, 107.4769 23.8727, 107.4241 23.837, 107.3903 23.8916, 107.3679 23.9148, 107.3577 23.9189, 107.3454 23.9203, 107.3129 23.9207, 107.302 23.9231, 107.294 23.9287, 107.2867 23.947, 107.28 23.9867, 107.2738 23.9953, 107.2635 23.9956, 107.2261 23.9757, 107.2143 23.972, 107.1923 23.9748, 107.1372 23.9975, 107.079 24.0349, 107.0485 24.0504, 107.0375 24.0536, 106.9907 24.0517, 106.981 24.0548, 106.9742 24.0619, 106.9697 24.0722, 106.9612 24.1013, 106.9558 24.1106, 106.9476 24.1164, 106.9253 24.1208, 106.8877 24.1224, 106.8548 24.1943, 106.9168 24.257, 106.8903 24.3498, 106.8836 24.3936, 106.8783 24.4025, 106.8701 24.4097, 106.8389 24.4279, 106.8303 24.4351, 106.8198 24.4538, 106.806 24.496, 106.7675 24.538, 106.7623 24.5473, 106.7593 24.5672, 106.7605 24.6091, 106.756 24.6185, 106.7464 24.6223, 106.7357 24.6219, 106.7189 24.6272, 106.8041 24.6677, 106.7731 24.7129, 106.7568 24.7278, 106.7002 24.7485, 106.691 24.7543, 106.6785 24.7711, 106.6711 24.7902, 106.6695 24.8016, 106.6743 24.8111, 106.6852 24.8118, 106.738 24.8016, 106.761 24.8052, 106.7822 24.8167, 106.7997 24.8318, 106.8214 24.8551, 106.833 24.8747, 106.8337 24.8856, 106.828 24.8952, 106.7745 24.9313, 106.7402 24.9655, 106.7281 24.9835, 106.7256 24.9924, 106.7288 25.0011, 106.7539 25.0252, 106.7578 25.0348, 106.7552 25.0658, 106.7452 25.094, 106.7357 25.1008, 106.727 25.0941, 106.7 25.0634, 106.6899 25.0575, 106.6788 25.0543, 106.6541 25.0515, 106.6298 25.0536, 106.619 25.0566)))",1998
广西省,450000,河池地区,452700,"MULTIPOLYGON (((107.3037 25.4443, 107.3169 25.4824, 107.3148 25.4928, 107.3107 25.5123, 107.2178 25.617, 107.1936 25.617, 107.1494 25.5829, 107.0596 25.5702, 107.0585 25.5588, 107.0568 25.5424, 107.0405 25.5139, 106.996 25.4656, 106.9897 25.4587, 106.9641 25.4477, 106.9568 25.4372, 106.9759 25.3759, 106.9885 25.2688, 106.9721 25.2363, 106.9673 25.2473, 106.9535 25.2544, 106.9207 25.2609, 106.9082 25.2549, 106.8837 25.1994, 106.8728 25.1957, 106.6554 25.1815, 106.5157 25.0994, 106.5155 25.0993, 106.5232 25.0899, 106.5731 25.09, 106.5996 25.0685, 106.619 25.0566, 106.6298 25.0536, 106.6541 25.0515, 106.6788 25.0543, 106.6899 25.0575, 106.7 25.0634, 106.727 25.0941, 106.7357 25.1008, 106.7452 25.094, 106.7552 25.0658, 106.7578 25.0348, 106.7539 25.0252, 106.7288 25.0011, 106.7256 24.9924, 106.7281 24.9835, 106.7402 24.9655, 106.7745 24.9313, 106.828 24.8952, 106.8337 24.8856, 106.833 24.8747, 106.8214 24.8551, 106.7997 24.8318, 106.7822 24.8167, 106.761 24.8052, 106.738 24.8016, 106.6852 24.8118, 106.6743 24.8111, 106.6695 24.8016, 106.6711 24.7902, 106.6785 24.7711, 106.691 24.7543, 106.7002 24.7485, 106.7568 24.7278, 106.7731 24.7129, 106.8041 24.6677, 106.7189 24.6272, 106.7357 24.6219, 106.7464 24.6223, 106.756 24.6185, 106.7605 24.6091, 106.7593 24.5672, 106.7623 24.5473, 106.7675 24.538, 106.806 24.496, 106.8198 24.4538, 106.8303 24.4351, 106.8389 24.4279, 106.8701 24.4097, 106.8783 24.4025, 106.8836 24.3936, 106.8903 24.3498, 106.9168 24.257, 106.8548 24.1943, 106.8877 24.1224, 106.9253 24.1208, 106.9476 24.1164, 106.9558 24.1106, 106.9612 24.1013, 106.9697 24.0722, 106.9742 24.0619, 106.981 24.0548, 106.9907 24.0517, 107.0375 24.0536, 107.0485 24.0504, 107.079 24.0349, 107.1372 23.9975, 107.1923 23.9748, 107.2143 23.972, 107.2261 23.9757, 107.2635 23.9956, 107.2738 23.9953, 107.28 23.9867, 107.2867 23.947, 107.294 23.9287, 107.302 23.9231, 107.3129 23.9207, 107.3454 23.9203, 107.3577 23.9189, 107.3679 23.9148, 107.3903 23.8916, 107.4241 23.837, 107.4769 23.8727, 107.5142 23.8785, 107.5256 23.8786, 107.5351 23.8756, 107.5422 23.8687, 107.5571 23.8369, 107.5764 23.8106, 107.5923 23.7925, 107.6102 23.7821, 107.6202 23.7822, 107.631 23.7858, 107.6594 23.8003, 107.6817 23.8061, 107.6922 23.8037, 107.7341 23.7811, 107.7818 23.7722, 107.791 23.7671, 107.7988 23.7594, 107.8162 23.7337, 107.8234 23.7121, 107.8235 23.7029, 107.8175 23.6937, 107.771 23.6687, 107.6982 23.5975, 107.7535 23.5758, 107.7754 23.5734, 107.7861 23.5762, 107.8291 23.5965, 107.8775 23.5961, 107.8884 23.5979, 107.8978 23.6026, 107.9056 23.6103, 107.9259 23.6391, 107.9339 23.6468, 107.9441 23.6515, 107.9891 23.6554, 107.9977 23.66, 108.0087 23.6871, 108.0146 23.743, 108.0813 23.7831, 108.1815 23.852, 108.2046 23.8315, 108.2244 23.8204, 108.2566 23.8127, 108.2686 23.8126, 108.2782 23.8152, 108.2855 23.8234, 108.2932 23.8634, 108.2965 23.8746, 108.3021 23.8839, 108.3387 23.9132, 108.3461 23.9212, 108.3507 23.9305, 108.3518 23.9418, 108.3474 23.999, 108.4067 24.021, 108.4594 24.0099, 108.4646 24.0197, 108.4946 24.0236, 108.5673 24.0329, 108.5769 24.0365, 108.5854 24.0433, 108.5876 24.0541, 108.5771 24.0929, 108.5751 24.1045, 108.5762 24.1144, 108.5825 24.1217, 108.614 24.1356, 108.645 24.1542, 108.6628 24.1684, 108.6686 24.1768, 108.6726 24.197, 108.6707 24.2311, 108.6729 24.2645, 108.6776 24.2858, 108.6904 24.3028, 108.7264 24.332, 108.7482 24.3677, 108.7588 24.3731, 108.7821 24.3728, 108.8015 24.3686, 108.822 24.3602, 108.8309 24.354, 108.8366 24.3463, 108.8391 24.336, 108.8416 24.2945, 108.846 24.2854, 108.8635 24.2734, 108.9103 24.258, 108.9191 24.3228, 108.9346 24.3645, 108.9478 24.382, 108.9899 24.4035, 108.9981 24.4107, 109.0094 24.429, 109.0301 24.4825, 108.9708 24.4761, 108.9364 24.4805, 108.8927 24.4988, 108.8556 24.5191, 108.8381 24.532, 108.8325 24.5398, 108.8321 24.5497, 108.8366 24.5599, 108.8503 24.5769, 108.8803 24.6052, 108.8857 24.6233, 108.8977 24.6228, 108.9361 24.6409, 108.9562 24.6529, 108.9625 24.6616, 108.9608 24.6721, 108.9266 24.7139, 108.9249 24.7244, 108.9334 24.7324, 108.9637 24.7463, 108.973 24.7536, 108.9975 24.7922, 109.0113 24.8091, 109.0306 24.8198, 109.0542 24.8257, 109.0904 24.8289, 109.1256 24.8241, 109.1403 24.8284, 109.123 24.845, 109.1115 24.8629, 109.1107 24.8734, 109.1244 24.9237, 109.1238 24.9333, 109.1134 24.9349, 109.0806 24.9219, 109.0243 24.9137, 109.0009 24.9144, 108.9914 24.9186, 108.9877 24.9284, 108.9905 24.9495, 109.0036 24.9774, 109.0114 24.9849, 109.0523 25.0098, 109.0609 25.0171, 109.079 25.0449, 109.0901 25.0766, 109.0933 25.109, 109.0885 25.1423, 109.0801 25.1618, 109.0731 25.1714, 109.0491 25.1921, 109.0388 25.1964, 109.0267 25.1965, 109.0168 25.1927, 108.9402 25.1366, 108.9206 25.1257, 108.9104 25.1242, 108.8998 25.1277, 108.8694 25.1437, 108.8581 25.1443, 108.8002 25.1292, 108.6764 25.1076, 108.6971 25.1494, 108.6993 25.1593, 108.6981 25.1684, 108.6918 25.1763, 108.6636 25.1959, 108.6563 25.2044, 108.6522 25.2143, 108.6405 25.268, 108.6287 25.2863, 108.6053 25.3114, 108.6022 25.3272, 108.5979 25.3251, 108.582 25.328, 108.5606 25.375, 108.4896 25.4525, 108.4126 25.45, 108.34 25.5296, 108.3072 25.5474, 108.2902 25.537, 108.1483 25.4498, 108.1423 25.3784, 108.1173 25.2554, 108.0523 25.2059, 107.9112 25.1661, 107.8498 25.1322, 107.8217 25.1306, 107.7728 25.1278, 107.7533 25.195, 107.7575 25.2338, 107.7485 25.2565, 107.6613 25.3145, 107.6524 25.3135, 107.6507 25.3115, 107.5951 25.2441, 107.5521 25.2231, 107.538 25.2216, 107.5096 25.2476, 107.4822 25.2487, 107.4455 25.2673, 107.3902 25.3433, 107.4104 25.3947, 107.3762 25.4186, 107.3386 25.4102, 107.307 25.4292, 107.3037 25.4443)))",1998
